,id,age,gender,race,region,tv_show,frequency,to_eat_1,to_eat_2,to_eat_3,to_eat_4,to_eat_5,at_home_1,at_home_2,at_home_3,at_restaurant_1,at_restaurant_2,at_restaurant_3,cook_prep_1,cook_prep_2,cook_prep_3,fruits_1,fruits_2,fruits_3
0,1,40-49,1,"CAUCASIAN, NON-HISPANIC;",MIDWEST,FIREFLY,1/WEEK ,ASPARAGUS ,CORN,CARROTS,SPINACH,BROCCOLI,LETTUCE (ANY KIND),CARROTS,SPINACH,ASPARAGUS,CORN,BROCCOLI,GRILLED,SAUTEED,BAKED,CHERRIES,BLUEBERRIES,PINEAPPLE
1,2,20-29,1,ASIAN;,MIDWEST,VINCENZO,4-5/WEEK,BROCCOLI,CAULIFLOWER,CORN,GREEN BEANS,PEAS,BROCCOLI,CORN,PEAS,BROCCOLI,CAULIFLOWER,CORN,FRIED/AIR-FRIED,GRILLED,SAUTEED,MANGOS,CHERRIES,ORANGES
2,3,40-49,1,"CAUCASIAN, NON-HISPANIC;",MIDWEST,TED LASSO,DAILY 6-7 WEEK ,BROCCOLI,CARROTS,GREEN BEANS,SPINACH,SQUASH,BROCCOLI,CARROTS,SQUASH,LETTUCE (ANY KIND),BROCCOLI,SPINACH,STEAMED,BAKED,,BANANAS,STRAWBERRIES,MANGOS
3,4,20-29,1,BLACK OR AFRICAN AMERICAN;,MIDWEST,SUCCESSION,2-3/WEEK,BROCCOLI,CARROTS,CORN,GREEN BEANS,CAULIFLOWER,BROCCOLI,CARROTS,CAULIFLOWER,BROCCOLI,CARROTS,GREEN BEANS,BAKED,FRIED/AIR-FRIED,STEAMED,BANANAS,STRAWBERRIES,ORANGES
4,5,30-39,1,"CAUCASIAN, NON-HISPANIC;",MIDWEST,CRITICAL ROLE,2-3/WEEK,CARROTS,SPINACH,SQUASH,CORN,CAULIFLOWER,SPINACH,CARROTS,BROCCOLI,SPINACH,CARROTS,SQUASH,BAKED,SAUTEED,,PEACHES,ORANGES,MANGOS
5,6,20-29,1,ASIAN;,MIDWEST,GOSSIP GIRL,4-5/WEEK,BROCCOLI,GREEN BEANS,LETTUCE (ANY KIND),CARROTS,CORN,BROCCOLI,SPINACH,CARROTS,BROCCOLI,CORN,GREEN BEANS,BAKED,FRIED/AIR-FRIED,SAUTEED,BANANAS,GRAPES,POMEGRANATES
6,7,30-39,0,"CAUCASIAN, NON-HISPANIC;",MIDWEST,DEMON SLAYER,DAILY 6-7 WEEK ,SPINACH,CARROTS,CAULIFLOWER,BROCCOLI,GREEN BEANS,SPINACH,"MUSHROOMS, ONIONS, POTATOES!",,GREEN BEANS,CAULIFLOWER,"ASPARAGUS, POTATOES! ",BAKED,GRILLED,SAUTEED,BLACKBERRIES,BLUEBERRIES,RASPBERRIES
7,8,40-49,1,"CAUCASIAN, NON-HISPANIC;",MIDWEST,WEST WING,2-3/WEEK,BROCCOLI,CARROTS,LETTUCE (ANY KIND),SPINACH,CORN,CARROTS,SPINACH,LETTUCE (ANY KIND),SPINACH,,NONE,BAKED,,NONE,GRAPES,APPLES,BANANAS
8,9,20-29,1,"CAUCASIAN, NON-HISPANIC;",MIDWEST,FRIENDS,4-5/WEEK,BROCCOLI,CARROTS,SPINACH,CORN,BRUSSELS SPROUTS,BROCCOLI,BRUSSEL SPROUTS,SPINACH,BRUSSEL SPROUTS ,,NONE,BAKED,,NONE,PINEAPPLE,ORANGES,BANANAS
9,10,50-65,1,"CAUCASIAN, NON-HISPANIC;",MIDWEST,NCIS,DAILY 6-7 WEEK ,CARROTS,CORN,CAULIFLOWER,SQUASH,GREEN BEANS,CARROTS,CAULIFLOWER,LETTUCE (ANY KIND),LETTUCE (ANY KIND),CORN,,GRILLED,STEAMED,,APPLES,BANANAS,OTHER
10,11,OVER 65,1,"CAUCASIAN, NON-HISPANIC;",MIDWEST,NCIS,4-5/WEEK,CORN,CARROTS,PEAS,,NONE,CARROTS,CORN,PEAS,BROCCOLI,CORN,PEAS,FRIED/AIR-FRIED,STEAMED,,BANANAS,APPLES,NONE
11,12,30-39,1,"CAUCASIAN, NON-HISPANIC;",MIDWEST,THE OFFICE,DAILY 6-7 WEEK ,BROCCOLI,SPINACH,SQUASH,LETTUCE (ANY KIND),CAULIFLOWER,SPINACH,,NONE,SPINACH,,NONE,BAKED,BOILED,SAUTEED,STRAWBERRIES,RASPBERRIES,KIWI
12,13,50-65,1,"CAUCASIAN, NON-HISPANIC;",MIDWEST,TOP CHEF,DAILY 6-7 WEEK ,LETTUCE (ANY KIND),SPINACH,TOMATOES,,NONE,LETTUCE (ANY KIND),SPINACH,TOMATO,CAULIFLOWER,LETTUCE (ANY KIND),SPINACH,BAKED,,NONE,WATERMELON,ORANGES,GRAPES
13,14,30-39,1,"CAUCASIAN, NON-HISPANIC;",SOUTHWEST,OUTLANDER,DAILY 6-7 WEEK ,SPINACH,BROCCOLI,CARROTS,CAULIFLOWER,EGGPLANT,BROCCOLI,CARROTS,LETTUCE (ANY KIND),ASPARAGUS,SPINACH,BROCCOLI,GRILLED,SAUTEED,STEAMED,APPLES,BANANAS,GRAPES
14,15,20-29,1,"CAUCASIAN, NON-HISPANIC;",MIDWEST,NEW GIRL,2-3/WEEK,BROCCOLI,CARROTS,CAULIFLOWER,GREEN BEANS,SPINACH,GREEN BEANS,CAULIFLOWER,BROCCOLI,GREEN BEANS,BROCCOLI,CAULIFLOWER,STEAMED,,NONE,BLUEBERRIES,MANGOS,STRAWBERRIES
15,16,50-65,0,"CAUCASIAN, NON-HISPANIC;",MIDWEST,TWIN PEAKS,4-5/WEEK,CORN,PEAS,SPINACH,BELL PEPPERS,,CORN,,NONE,ASPARAGUS ,PEAS,CORN,BAKED,FRIED/AIR-FRIED,GRILLED,ORANGES,BANANAS,GRAPES
16,17,50-65,0,"CAUCASIAN, NON-HISPANIC;",MIDWEST,STRANGER THINGS,2-3/WEEK,SAUERKRAUT/CABBAGE,,NONE,NONE,NONE,SAUERKRAUT/CABBAGE,,NONE,SAUERKRAUT,,NONE,FRIED/AIR-FRIED,,NONE,BLUEBERRIES,RASPBERRIES,OTHER
17,18,50-65,1,"CAUCASIAN, NON-HISPANIC;",MIDWEST,NONE,2-3/WEEK,PEAS,GREEN BEANS,LETTUCE (ANY KIND),CARROTS,,GREEN BEANS,,NONE,GREEN BEANS,,NONE,BAKED,,NONE,PINEAPPLE,APPLES,WATERMELON
18,19,OVER 65,1,"CAUCASIAN, NON-HISPANIC;",MIDWEST,CHICAGO MED,4-5/WEEK,GREEN BEANS,LETTUCE (ANY KIND),SPINACH,CORN,,GREEN BEANS,LETTUCE (ANY KIND),,GREEN BEANS,LETTUCE (ANY KIND),SPINACH,STEAMED,,NONE,STRAWBERRIES,CHERRIES,BANANAS
19,20,30-39,1,"CAUCASIAN, NON-HISPANIC;OTHER/UNKNOWN;",MIDWEST,NEW GIRL,4-5/WEEK,BROCCOLI,CAULIFLOWER,GREEN BEANS,LETTUCE (ANY KIND),CORN,LETTUCE (ANY KIND),GREEN BEANS,CAULIFLOWER,BROCCOLI,GREEN BEANS,LETTUCE (ANY KIND),STEAMED,,NONE,WATERMELON,GRAPEFRUIT,BERRIES
20,21,40-49,0,"CAUCASIAN, NON-HISPANIC;",MIDWEST,BATTLEBOTS,DAILY 6-7 WEEK ,CARROTS,CORN,LETTUCE (ANY KIND),GREEN BEANS,BROCCOLI,CARROTS,CORN,LETTUCE (ANY KIND),CORN,GREEN BEANS,BROCCOLI,STEAMED,BAKED,FRIED/AIR-FRIED,OTHER,OTHER,NONE
21,22,30-39,0,AFRICAN;,MIDWEST,BREAKING BAD,2-3/WEEK,CARROTS,GREEN BEANS,LETTUCE (ANY KIND),PEAS,,PEAS,GREEN BEANS,CARROTS,CORN,PEAS,,BAKED,FRIED/AIR-FRIED,GRILLED,APPLES,BANANAS,ORANGES
22,23,50-65,1,PREFER NOT TO SAY;,SOUTHWEST,FAMILY FEUD ,2-3/WEEK,BROCCOLI,GREEN BEANS,LETTUCE (ANY KIND),SPINACH,CORN,BROCCOLI,GREEN BEANS,SPINACH,SPINACH,BROCCOLI,GREEN BEANS,GRILLED,BAKED,STEAMED,GRAPES,OTHER,PINEAPPLE
23,24,40-49,1,"CAUCASIAN, NON-HISPANIC;",MIDWEST,CHICAGO MED,1/WEEK ,CORN,BROCCOLI,CARROTS,LETTUCE (ANY KIND),GREEN BEANS,CORN,GREEN BEANS,LETTUCE (ANY KIND),LETTUCE (ANY KIND),CORN,CARROTS,MICROWAVED,,NONE,APPLES,PINEAPPLE,STRAWBERRIES
24,25,40-49,1,"CAUCASIAN, NON-HISPANIC;",MIDWEST,THE OFFICE,4-5/WEEK,BROCCOLI,CARROTS,CORN,,NONE,CARROTS,CORN,,BROCCOLI,CORN,,BAKED,BOILED,,STRAWBERRIES,PEARS,APPLES
25,26,30-39,0,"CAUCASIAN, NON-HISPANIC;",MIDWEST,RICK AND MORTY,2-3/WEEK,CARROTS,PEAS,SPINACH,BROCCOLI,CORN,BROCCOLI,PEAS,CORN,LETTUCE (ANY KIND),SPINACH,CAULIFLOWER,GRILLED,,NONE,BLUEBERRIES,ORANGES,RASPBERRIES
26,27,30-39,1,"CAUCASIAN, NON-HISPANIC;",MIDWEST,HELL'S KITCHEN ,DAILY 6-7 WEEK ,BROCCOLI,CARROTS,CORN,GREEN BEANS,PEAS,BROCCOLI,CARROTS,GREEN BEANS,BROCCOLI,CAULIFLOWER,PEAS,STEAMED,SAUTEED,,MANGOS,PINEAPPLE,CHERRIES
27,28,40-49,1,"CAUCASIAN, NON-HISPANIC;",MIDWEST,BOB’S BURGERS,4-5/WEEK,BROCCOLI,CARROTS,CAULIFLOWER,CORN,SPINACH,BROCCOLI,CAULIFLOWER,CARROTS,SQUASH,BROCCOLI,CARROTS,SAUTEED,BAKED,STEAMED,BANANAS,APPLES,STRAWBERRIES
28,29,50-65,1,"CAUCASIAN, NON-HISPANIC;",MIDWEST,THIS IS US,2-3/WEEK,GREEN BEANS,,NONE,NONE,NONE,GREEN BEANS,,NONE,GREEN BEANS,,NONE,MICROWAVED,,NONE,BANANAS,GRAPES,PINEAPPLE
29,30,40-49,0,"CAUCASIAN, NON-HISPANIC;",MIDWEST,SPORTS,DAILY 6-7 WEEK ,BROCCOLI,CARROTS,CAULIFLOWER,CORN,GREEN BEANS,BROCCOLI,CARROTS,CORN,LETTUCE (ANY KIND),,NONE,BAKED,GRILLED,SAUTEED,APPLES,BLUEBERRIES,MELON
30,31,50-65,0,"CAUCASIAN, NON-HISPANIC;",MIDWEST,DANCING WITH THE STARS,4-5/WEEK,BROCCOLI,CAULIFLOWER,PEAS,SPINACH,SQUASH,BROCCOLI,CAULIFLOWER,PEAS,BROCCOLI,CAULIFLOWER,PEAS,BAKED,GRILLED,STEAMED,BLUEBERRIES,MANGOS,BLACKBERRIES
31,32,30-39,1,"CAUCASIAN, NON-HISPANIC;",MIDWEST,HOW I MET YOUR MOTHER,DAILY 6-7 WEEK ,CARROTS,CAULIFLOWER,BROCCOLI,SQUASH,CORN,CAULIFLOWER,CARROTS,SQUASH,CARROTS,BROCCOLI,LETTUCE (ANY KIND),BAKED,STEAMED,SAUTEED,STRAWBERRIES,RASPBERRIES,WATERMELON
32,33,20-29,0,BLACK OR AFRICAN AMERICAN;,MIDWEST,GREY’S ANATOMY ,4-5/WEEK,SPINACH,CORN,BROCCOLI,GREEN BEANS,LETTUCE (ANY KIND),LETTUCE (ANY KIND),CORN,SPINACH,BROCCOLI,CORN,GREEN BEANS,BAKED,GRILLED,SAUTEED,GRAPES,STRAWBERRIES,BANANAS
33,34,40-49,1,"CAUCASIAN, NON-HISPANIC;",MIDWEST,OUR FLAG MEANS DEATH,2-3/WEEK,CORN,PEAS,SPINACH,,NONE,CORN,PEAS,SPINACH,BROCCOLI,GREEN BEANS,SPINACH,BAKED,GRILLED,SAUTEED,RASPBERRIES,BLUEBERRIES,BANANAS
34,35,40-49,1,"CAUCASIAN, NON-HISPANIC;",MIDWEST,CHICAGO MED,4-5/WEEK,BROCCOLI,CAULIFLOWER,GREEN BEANS,SPINACH,ASPARAGUS,ASPARAGUS ,SPINACH,CAULIFLOWER,BROCCOLI,GREEN BEANS,SQUASH,GRILLED,,NONE,BANANAS,GRAPES,APPLES
35,36,40-49,1,"CAUCASIAN, NON-HISPANIC;",MIDWEST,FRIENDS,4-5/WEEK,BROCCOLI,GREEN BEANS,CARROTS,CORN,,BROCCOLI,GREEN BEANS,CARROTS,BROCCOLI,GREEN BEANS,,BAKED,,NONE,ORANGES,NONE,NONE
36,37,30-39,1,"CAUCASIAN, NON-HISPANIC;",MIDWEST,HANNIBAL,4-5/WEEK,PEAS,CORN,CARROTS,SQUASH,CAULIFLOWER,PEAS,CORN,CARROTS,ASPARAGUS,GREEN BEANS,PEAS,BAKED,SAUTEED,MICROWAVED,APPLES,ORANGES,BERRIES
37,38,20-29,0,BLACK OR AFRICAN AMERICAN;,MIDWEST,STRANGER THINGS,2-3/WEEK,BROCCOLI,CARROTS,GREEN BEANS,SPINACH,CORN,BROCCOLI,CARROTS,GREEN BEANS,BROCCOLI,CARROTS,GREEN BEANS,STEAMED,SAUTEED,GRILLED,ORANGES,APPLES,GRAPES
38,39,50-65,1,"CAUCASIAN, NON-HISPANIC;",MIDWEST,NOVA,DAILY 6-7 WEEK ,CARROTS,BROCCOLI,LETTUCE (ANY KIND),CAULIFLOWER,SPINACH,CARROTS,LETTUCE (ANY KIND),BROCCOLI,BROCCOLI,POTATO ,CAULIFLOWER,BAKED,,NONE,BANANAS,APPLES,GRAPES
39,40,40-49,0,"CAUCASIAN, LATINO/HISPANIC;",MIDWEST,CHICAGO FIRE,DAILY 6-7 WEEK ,BROCCOLI,GREEN BEANS,LETTUCE (ANY KIND),SPINACH,SQUASH,BROCCOLI,SPINACH,SQUASH,GREEN BEANS,LETTUCE (ANY KIND),SQUASH,FRIED/AIR-FRIED,,NONE,APPLES,GRAPES,BANANAS
40,41,50-65,3,OTHER/UNKNOWN;,MIDWEST,THE BOYS,2-3/WEEK,BROCCOLI,CARROTS,CORN,SPINACH,LETTUCE (ANY KIND),CORN,,NONE,CORN,CARROTS,LETTUCE (ANY KIND),BAKED,,NONE,BANANAS,MELON,GRAPES
41,42,30-39,0,"CAUCASIAN, NON-HISPANIC;",MIDWEST,THE OFFICE,DAILY 6-7 WEEK ,BROCCOLI,SPINACH,SQUASH,PEAS,ASPARAGUS,SQUASH,BROCCOLI,ASPARAGUS ,LETTUCE (ANY KIND),ASPARAGUS,BROCCOLI,GRILLED,BAKED,SAUTEED,OTHER,GRAPEFRUIT,MANGOS
42,43,30-39,1,"CAUCASIAN, LATINO/HISPANIC;",MIDWEST,SCHITT'S CREEK,4-5/WEEK,LETTUCE (ANY KIND),CARROTS,GREEN BEANS,CORN,PEAS,CORN,GREEN BEANS,LETTUCE (ANY KIND),BROCCOLI,CAULIFLOWER,SQUASH,BAKED,FRIED/AIR-FRIED,SAUTEED,BANANAS,MANGOS,KIWI
43,44,40-49,0,"CAUCASIAN, NON-HISPANIC;",MIDWEST,STAR TREK ,4-5/WEEK,BROCCOLI,CORN,GREEN BEANS,TOMATOES,SPINACH,BROCCOLI,GREEN BEANS,PEAS,SPINACH,ASPARAGUS,LETTUCE (ANY KIND),GRILLED,SAUTEED,STEAMED,ORANGES,BANANAS,GRAPES
44,45,40-49,1,"CAUCASIAN, NON-HISPANIC;",MIDWEST,THE OFFICE,2-3/WEEK,CARROTS,BROCCOLI,LETTUCE (ANY KIND),SPINACH,PEAS,PEAS,SPINACH,LETTUCE (ANY KIND),BROCCOLI,GREEN BEANS,LETTUCE (ANY KIND),BAKED,MICROWAVED,GRILLED,BANANAS,GRAPES,ORANGES
45,46,50-65,0,"CAUCASIAN, NON-HISPANIC;",MIDWEST,MONDAY NIGHT FOOTBALL ,2-3/WEEK,BROCCOLI,SPINACH,,NONE,NONE,BROCCOLI,SPINACH,,BROCCOLI,SPINACH,,SAUTEED,BOILED,,BANANAS,NONE,NONE
46,47,OVER 65,1,"CAUCASIAN, NON-HISPANIC;",MIDWEST,CHICAGO PD,DAILY 6-7 WEEK ,CORN,LETTUCE (ANY KIND),SPINACH,SQUASH,BRUSSELS SPROUTS,LETTUCE (ANY KIND),SPINACH,CORN,CORN,LETTUCE (ANY KIND),SPINACH,BAKED,SAUTEED,MICROWAVED,BLUEBERRIES,CHERRIES,STRAWBERRIES
47,48,40-49,0,"CAUCASIAN, NON-HISPANIC;",MIDWEST,BLACKLIST,2-3/WEEK,CARROTS,CORN,GREEN BEANS,LETTUCE (ANY KIND),PEAS,CORN,LETTUCE (ANY KIND),GREEN BEANS,ASPARAGUS,,NONE,GRILLED,,NONE,BANANAS,OTHER,PINEAPPLE
48,49,40-49,1,"CAUCASIAN, NON-HISPANIC;",MIDWEST,STATION ELEVEN,2-3/WEEK,CORN,PEAS,CARROTS,SPINACH,ASPARAGUS,CORN,PEAS,BROCCOLI,BRUSSELS SPROUTS,,NONE,BAKED,,NONE,ORANGES,PEARS,WATERMELON
49,50,50-65,1,"CAUCASIAN, NON-HISPANIC;",MIDWEST,THE FIRST LADY,DAILY 6-7 WEEK ,CARROTS,GREEN BEANS,BROCCOLI,CAULIFLOWER,SPINACH,CARROTS,,NONE,GREEN BEANS,BROCCOLI,BRUSSELS SPROUTS,ROASTED ,,NONE,GRAPES,CANTELOPE,ORANGES
50,51,40-49,1,"CAUCASIAN, NON-HISPANIC;",MIDWEST,JEOPARDY ,4-5/WEEK,CORN,BROCCOLI,SPINACH,LETTUCE (ANY KIND),PEAS,SPINACH,,NONE,BROCCOLI,,NONE,STEAMED,,NONE,APPLES,GRAPES,ORANGES
51,52,50-65,1,"CAUCASIAN, NON-HISPANIC;",MIDWEST,FIXER UPPER,4-5/WEEK,CARROTS,CORN,GREEN BEANS,LETTUCE (ANY KIND),,BROCCOLI,CARROTS,CORN,BROCCOLI,CARROTS,GREEN BEANS,GRILLED,,NONE,APPLES,ORANGES,GRAPEFRUIT
52,53,40-49,1,"CAUCASIAN, NON-HISPANIC;",MIDWEST,WALKING DEAD,4-5/WEEK,BROCCOLI,CAULIFLOWER,CORN,GREEN BEANS,LETTUCE (ANY KIND),BROCCOLI,,NONE,GREEN BEANS,,NONE,GRILLED,,NONE,BANANAS,WATERMELON,APPLES
53,54,20-29,1,"CAUCASIAN, NON-HISPANIC;",MIDWEST,YOU,4-5/WEEK,SPINACH,CARROTS,BROCCOLI,CORN,GREEN BEANS,SPINACH,CARROTS,CORN,BROCCOLI,CORN,SPINACH,BAKED,GRILLED,SAUTEED,PINEAPPLE,STRAWBERRIES,PEACHES
54,55,11-19,1,"CAUCASIAN, NON-HISPANIC;",MIDWEST,ALL AMERICAN ,DAILY 6-7 WEEK ,BROCCOLI,CARROTS,CORN,GREEN BEANS,,CARROTS,GREEN BEANS,BROCCOLI,CORN,CARROTS,LETTUCE (ANY KIND),SAUTEED,GRILLED,BAKED,STRAWBERRIES,PEACHES,BLUEBERRIES
55,56,50-65,0,OTHER/UNKNOWN;,MIDWEST,COSBY SHOW,2-3/WEEK,GREEN BEANS,SPINACH,BROCCOLI,LETTUCE (ANY KIND),PEAS,SPINACH,GREEN BEANS,BROCCOLI,GREEN BEANS,SPINACH,BROCCOLI,BAKED,STEAMED,FRIED/AIR-FRIED,WATERMELON,STRAWBERRIES,BANANAS
56,57,20-29,1,BLACK OR AFRICAN AMERICAN;,MIDWEST,STRANGER THINGS,2-3/WEEK,BROCCOLI,CARROTS,CORN,LETTUCE (ANY KIND),SPINACH,LETTUCE (ANY KIND),SPINACH,BROCCOLI,BROCCOLI,LETTUCE (ANY KIND),CORN,BAKED,GRILLED,STEAMED,ORANGES,PINEAPPLE,BANANAS
57,58,50-65,1,"CAUCASIAN, NON-HISPANIC;",MIDWEST,THE L WORD,2-3/WEEK,BROCCOLI,CAULIFLOWER,GREEN BEANS,SQUASH,LETTUCE (ANY KIND),BROCCOLI,CAULIFLOWER,SQUASH,SQUASH,LETTUCE (ANY KIND),BROCCOLI,BAKED,SAUTEED,MICROWAVED,OTHER,STRAWBERRIES,PINEAPPLE
58,59,50-65,0,BLACK OR AFRICAN AMERICAN;,MIDWEST,THE WIRE,2-3/WEEK,CORN,GREEN BEANS,CARROTS,LETTUCE (ANY KIND),PEAS,CARROTS,CORN,GREEN BEANS,CARROTS,GREEN BEANS,CORN,FRIED/AIR-FRIED,,NONE,WATERMELON,BANANAS,PEACHES
59,60,40-49,0,"CAUCASIAN, NON-HISPANIC;",MIDWEST,FIREFLY,DAILY 6-7 WEEK ,BROCCOLI,CAULIFLOWER,LETTUCE (ANY KIND),GREEN BEANS,"CORN IS A GRAIN, NOT A VEGETABLE",BROCCOLI,GREEN BEANS,LETTUCE (ANY KIND),CAULIFLOWER,SQUASH,POTATOES,ROASTED,,NONE,APPLES,OTHER,BANANAS
60,61,40-49,1,"CAUCASIAN, NON-HISPANIC;NATIVE AMERICAN;",MID-ATLANTIC,NONE,DAILY 6-7 WEEK ,CABBAGE,LETTUCE (ANY KIND),CAULIFLOWER,CARROTS,SQUASH,CABBAGE,CARROTS,LETTUCE (ANY KIND),LETTUCE (ANY KIND),BROCCOLI,SQUASH,BAKED,SAUTEED,RAW,CHERRIES,BANANAS,PEACHES
61,62,30-39,1,"CAUCASIAN, NON-HISPANIC;",MIDWEST,THE SIMPSONS,DAILY 6-7 WEEK ,BROCCOLI,CAULIFLOWER,LETTUCE (ANY KIND),SPINACH,GREEN BEANS,BROCCOLI,CAULIFLOWER,GREEN BEANS,BRUSSELS SPROUTS,,NONE,FRIED/AIR-FRIED,SAUTEED,GRILLED,MANGOS,STRAWBERRIES,WATERMELON
62,63,40-49,1,"CAUCASIAN, LATINO/HISPANIC;CAUCASIAN, NON-HISPANIC;",MIDWEST,SUPERNATURAL,2-3/WEEK,GREEN BEANS,LETTUCE (ANY KIND),CARROTS,CORN,,GREEN BEANS,,NONE,LETTUCE (ANY KIND),,NONE,STEAMED,,NONE,BANANAS,TOMATOES,GRAPES
63,64,40-49,1,"CAUCASIAN, NON-HISPANIC;",MIDWEST,FRIENDS ,DAILY 6-7 WEEK ,GREEN BEANS,LETTUCE (ANY KIND),CUCUMBERS,,NONE,GREEN BEANS,LETTUCE (ANY KIND),CARROTS,GREEN BEANS,LETTUCE (ANY KIND),ASPARAGUS ,STEAMED,,NONE,APPLES,WATERMELON,GRAPES
64,65,40-49,1,"CAUCASIAN, NON-HISPANIC;",MIDWEST,JANE THE VIRGIN ,2-3/WEEK,CARROTS,BROCCOLI,CORN,GREEN BEANS,PEAS,BROCCOLI,CARROTS,SPINACH,BROCCOLI,,NONE,STEAMED,,NONE,STRAWBERRIES,APPLES,ORANGES
65,66,OVER 65,1,"CAUCASIAN, NON-HISPANIC;",MIDWEST,DATELINE,2-3/WEEK,CARROTS,CORN,LETTUCE (ANY KIND),,NONE,LETTUCE (ANY KIND),CARROTS,CORN,LETTUCE (ANY KIND),CORN,CARROTS,FRIED/AIR-FRIED,,NONE,STRAWBERRIES,PINEAPPLE,PEACHES
66,67,20-29,1,"CAUCASIAN, NON-HISPANIC;",SOUTHWEST,STRANGER THINGS,4-5/WEEK,GREEN BEANS,SQUASH,BROCCOLI,LETTUCE (ANY KIND),SPINACH,BROCCOLI,GREEN BEANS,LETTUCE (ANY KIND),ASPARAGUS ,GREEN BEANS,BROCCOLI,SAUTEED,,NONE,BERRIES,GRAPES,ORANGES
67,68,40-49,1,"CAUCASIAN, NON-HISPANIC;",MIDWEST,SEINFELD,4-5/WEEK,BROCCOLI,CAULIFLOWER,CORN,GREEN BEANS,,BROCCOLI,CAULIFLOWER,GREEN BEANS,SPINACH,GREEN BEANS,BROCCOLI,BOILED,MICROWAVED,,MANGOS,ORANGES,BANANAS
68,69,20-29,0,"CAUCASIAN, NON-HISPANIC;",MIDWEST,THE SOPRANOS,4-5/WEEK,BROCCOLI,CAULIFLOWER,CORN,CARROTS,SPINACH,BROCCOLI,CAULIFLOWER,SPINACH,GREEN BEANS,PEAS,CORN,SAUTEED,BAKED,FRIED/AIR-FRIED,APPLES,GRAPES,OTHER
69,70,40-49,1,"CAUCASIAN, NON-HISPANIC;",MIDWEST,I DON'T HAVE ONE ,DAILY 6-7 WEEK ,BROCCOLI,SPINACH,SQUASH,BEETS,CAULIFLOWER,EGGPLANT,SQUASH,BROCCOLI,EGGPLANT,SPINACH,SQUASH,BAKED,,NONE,PEACHES,MANGOS,BLACKBERRIES
70,71,40-49,1,"CAUCASIAN, NON-HISPANIC;",MIDWEST,HANDMAIDS TALE,4-5/WEEK,BROCCOLI,CARROTS,LETTUCE (ANY KIND),RADISH,,LETTUCE (ANY KIND),CARROTS,BROCCOLI,CARROTS,BROCCOLI,LETTUCE (ANY KIND),BAKED,,NONE,APPLES,BANANAS,STRAWBERRIES
71,72,50-65,1,BLACK OR AFRICAN AMERICAN;,MIDWEST,THE CHASE,DAILY 6-7 WEEK ,CARROTS,LETTUCE (ANY KIND),SPINACH,GREEN BEANS,CORN,LETTUCE (ANY KIND),SPINACH,CARROTS,LETTUCE (ANY KIND),BROCCOLI,ASPARAGUS ,FRIED/AIR-FRIED,GRILLED,SAUTEED,ORANGES,APPLES,BANANAS
72,73,40-49,1,"CAUCASIAN, NON-HISPANIC;",MIDWEST,SHERLOCK,2-3/WEEK,BROCCOLI,GREEN BEANS,SPINACH,CORN,BRUSSELS SPROUTS,BROCCOLI,CARROTS,CORN,SPINACH,BROCCOLI,CARROTS,BAKED,,NONE,BANANAS,RASPBERRIES,APPLES
73,74,OVER 65,1,"CAUCASIAN, NON-HISPANIC;",MIDWEST,CALL THE MIDWIFE,DAILY 6-7 WEEK ,BROCCOLI,CAULIFLOWER,LETTUCE (ANY KIND),SQUASH,ASPARAGUS,BROCCOLI,CAULIFLOWER,LETTUCE (ANY KIND),BROCCOLI,CAULIFLOWER,LETTUCE (ANY KIND),BAKED,BOILED,GRILLED,STRAWBERRIES,BLUEBERRIES,APPLES
74,75,50-65,1,"CAUCASIAN, NON-HISPANIC;",MIDWEST,WHAT WE DO IN THE SHADOWS ,DAILY 6-7 WEEK ,BROCCOLI,CORN,LETTUCE (ANY KIND),ONIONS,TOMATOES,BROCCOLI,CARROTS,TOMATOES ,BROCCOLI,GREEN BEANS,LETTUCE (ANY KIND),BAKED,FRIED/AIR-FRIED,GRILLED,CHERRIES,RASPBERRIES,STRAWBERRIES
75,76,50-65,0,"CAUCASIAN, NON-HISPANIC;",MIDWEST,OFFICE,4-5/WEEK,BROCCOLI,CARROTS,CORN,PEAS,LETTUCE (ANY KIND),CARROTS,,NONE,ASPARAGUS ,,NONE,GRILLED,,NONE,BANANAS,APPLES,STRAWBERRIES
76,77,50-65,1,"CAUCASIAN, NON-HISPANIC;",MIDWEST,GREYS ANATOMY,DAILY 6-7 WEEK ,BROCCOLI,LETTUCE (ANY KIND),SPINACH,CARROTS,,BROCCOLI,,NONE,BRUSSELS SPROUTS,,NONE,BAKED,,NONE,STRAWBERRIES,BLUEBERRIES,ORANGES
77,78,50-65,1,"CAUCASIAN, NON-HISPANIC;",MIDWEST,GHOST,DAILY 6-7 WEEK ,SPINACH,BROCCOLI,CARROTS,CAULIFLOWER,SQUASH,BROCCOLI,GREEN BEANS,SPINACH,BROCCOLI,SPINACH,LETTUCE (ANY KIND),MICROWAVED,STEAMED,GRILLED,GRAPES,APPLES,BANANAS
78,79,30-39,1,"CAUCASIAN, NON-HISPANIC;",MIDWEST,SPY X FAMILY,"RARELY (ONLY IF SOMEONE MAKES ME; HOLIDAYS ONLY, ETC.)",CARROTS,CORN,GREEN BEANS,SPINACH,PEAS,SPINACH,CARROTS,CORN,SPINACH,CARROTS,CORN,GRILLED,SAUTEED,,ORANGES,STRAWBERRIES,BLUEBERRIES
79,80,30-39,0,"CAUCASIAN, NON-HISPANIC;",MIDWEST,OWL HOUSE,"RARELY (ONLY IF SOMEONE MAKES ME; HOLIDAYS ONLY, ETC.)",SPINACH,CARROTS,CORN,LETTUCE (ANY KIND),PEAS,CARROTS,SPINACH,PEAS,SPINACH,LETTUCE (ANY KIND),CARROTS,BOILED,FRIED/AIR-FRIED,SAUTEED,APPLES,ORANGES,GRAPES
80,81,OVER 65,0,"CAUCASIAN, NON-HISPANIC;",MIDWEST,CHICAGO FIRE,DAILY 6-7 WEEK ,BROCCOLI,GREEN BEANS,LETTUCE (ANY KIND),CORN,ASPARAGUS,BROCCOLI,GREEN BEANS,LETTUCE (ANY KIND),BROCCOLI,GREEN BEANS,CARROTS,BAKED,GRILLED,SAUTEED,APPLES,BLUEBERRIES,BANANAS
81,82,50-65,1,"CAUCASIAN, NON-HISPANIC;",MIDWEST,EVERYBODY LOVES RAYMOND,DAILY 6-7 WEEK ,CAULIFLOWER,LETTUCE (ANY KIND),SPINACH,CARROTS,BROCCOLI,CARROTS,LETTUCE (ANY KIND),CAULIFLOWER,LETTUCE (ANY KIND),ASPARGUS,,ROASTED,STEAMED,BAKED,APPLES,GRAPES,BANANAS
82,83,20-29,1,"CAUCASIAN, NON-HISPANIC;",MIDWEST,THE GOOD PLACE,4-5/WEEK,BROCCOLI,CARROTS,GREEN BEANS,PEAS,SPINACH,PEAS,GREEN BEANS,BROCCOLI,BROCCOLI,GREEN BEANS,,SAUTEED,STEAMED,MICROWAVED,BLACKBERRIES,RASPBERRIES,KIWI
83,84,50-65,1,"CAUCASIAN, NON-HISPANIC;",MIDWEST,NCIS,2-3/WEEK,BROCCOLI,CAULIFLOWER,LETTUCE (ANY KIND),,NONE,BROCCOLI,CAULIFLOWER,LETTUCE (ANY KIND),BROCCOLI,CORN,GREEN BEANS,MICROWAVED,,NONE,APPLES,ORANGES,GRAPES
84,85,20-29,1,"CAUCASIAN, NON-HISPANIC;",SOUTHWEST,THIS IS US,DAILY 6-7 WEEK ,BROCCOLI,BRUSSELS SPROUTS,CARROTS,CORN,SQUASH,BROCCOLI,CAULIFLOWER,CORN,BROCCOLI,SQUASH,BRUSSEL SPROUTS,BAKED,SAUTEED,STEAMED,APPLES,BLUEBERRIES,CHERRIES
85,86,40-49,0,ASIAN;,MIDWEST,TED LASSO,4-5/WEEK,CARROTS,PEAS,SPINACH,CAULIFLOWER,BROCCOLI,SPINACH,CAULIFLOWER,BROCCOLI,BROCCOLI,CAULIFLOWER,SPINACH,BAKED,MICROWAVED,GRILLED,GRAPES,BANANAS,APPLES
86,87,40-49,0,"CAUCASIAN, NON-HISPANIC;",SOUTHWEST,THURSDAY NIGHT BASEBALL,4-5/WEEK,BROCCOLI,CARROTS,CORN,SPINACH,PEAS,BROCCOLI,CARROTS,CORN,BROCCOLI,CARROTS,,STEAMED,RAW,,APPLES,BANANAS,BLUEBERRIES
87,88,30-39,1,"CAUCASIAN, NON-HISPANIC;",MIDWEST,THE OFFICE,2-3/WEEK,SPINACH,LETTUCE (ANY KIND),BROCCOLI,CARROTS,CORN,CARROTS,CORN,BROCCOLI,BROCCOLI,CORN,SPINACH,BAKED,,NONE,STRAWBERRIES,BLUEBERRIES,KIWI
88,89,OVER 65,1,"CAUCASIAN, NON-HISPANIC;",MIDWEST,JEOPARDY ,2-3/WEEK,BROCCOLI,LETTUCE (ANY KIND),,NONE,NONE,BROCCOLI,CARROTS,LETTUCE (ANY KIND),GREEN BEANS,LETTUCE (ANY KIND),CAULIFLOWER,BOILED,GRILLED,SAUTEED,BANANAS,STRAWBERRIES,NONE
89,90,30-39,0,"CAUCASIAN, NON-HISPANIC;",MIDWEST,ARRESTED DEVELOPMENT,DAILY 6-7 WEEK ,CORN,BROCCOLI,CARROTS,RADISH,GREEN BEANS,CORN,BROCCOLI,ASPARAGUS,GREEN BEANS,CORN,BROCCOLI,BAKED,RAW,,BANANAS,ORANGES,BLUEBERRIES
90,91,40-49,1,"CAUCASIAN, NON-HISPANIC;",MIDWEST,BELOW DECK,DAILY 6-7 WEEK ,CARROTS,GREEN BEANS,LETTUCE (ANY KIND),ASPARAGUS,BRUSSELS SPROUTS,CORN,GREEN BEANS,LETTUCE (ANY KIND),GREEN BEANS,ASPARAGUS AND BRUSSEL SPROUTS ,,GRILLED,BAKED,FRIED/AIR-FRIED,APPLES,STRAWBERRIES,PINEAPPLE
91,92,50-65,1,BLACK OR AFRICAN AMERICAN;,MIDWEST,THE NEWS,2-3/WEEK,CORN,GREEN BEANS,BROCCOLI,SPINACH,COLLARD GREENS,CORN,GREEN BEANS,BROCCOLI,BRUSSEL SPROUTS ,CORN,GREEN BEANS,BOILED,SAUTEED,GRILLED,PINEAPPLE,MANGOS,GRAPES
92,93,40-49,1,"CAUCASIAN, NON-HISPANIC;",MIDWEST,THE OFFICE,4-5/WEEK,BROCCOLI,CARROTS,CAULIFLOWER,LETTUCE (ANY KIND),SPINACH,BROCCOLI,CARROTS,CAULIFLOWER,BROCCOLI,CAULIFLOWER,LETTUCE (ANY KIND),FRIED/AIR-FRIED,GRILLED,BAKED,APPLES,GRAPES,STRAWBERRIES
93,94,50-65,1,"CAUCASIAN, NON-HISPANIC;",MIDWEST,JEOPARDY ,4-5/WEEK,BROCCOLI,CARROTS,CAULIFLOWER,CORN,GREEN BEANS,GREEN BEANS,CARROTS,PEAS,BROCCOLI,CORN,LETTUCE (ANY KIND),STEAMED,,NONE,BLUEBERIES,PEACHES,BANANAS
94,95,20-29,0,"CAUCASIAN, NON-HISPANIC;",MIDWEST,SCHITT’S CREEK,2-3/WEEK,LETTUCE (ANY KIND),CARROTS,BROCCOLI,CORN,ASPARAGUS,CARROTS,BROCCOLI,CAULIFLOWER,GREEN BEANS,ASPARAGUS,LETTUCE (ANY KIND),GRILLED,SAUTEED,BAKED,BLUEBERRIES,MANGOS,KIWI
95,96,40-49,0,"CAUCASIAN, NON-HISPANIC;",UK,THE WEST WING,DAILY 6-7 WEEK ,BROCCOLI,CARROTS,LETTUCE (ANY KIND),BELL PEPPERS,ONIONS ,CARROTS,BELL PEPPER AND ONION,,BROCCOLI,LETTUCE (ANY KIND),CARROTS,RAW,GRILLED,,MANGOS,PINEAPPLE,BANANAS
96,97,40-49,1,"CAUCASIAN, NON-HISPANIC;",SOUTHWEST,OZARK,4-5/WEEK,GREEN BEANS,CAULIFLOWER,CARROTS,SQUASH,,GREEN BEANS,CARROTS,BROCCOLI,GREEN BEANS,CARROTS,ASPARAGUS ,GRILLED,,NONE,MANGOS,GRAPES,BANANAS
97,98,40-49,1,"CAUCASIAN, NON-HISPANIC;",MIDWEST,SCHITT’S CREEK,DAILY 6-7 WEEK ,BROCCOLI,CARROTS,LETTUCE (ANY KIND),GREEN BEANS,BRUSSELS SPROUTS,CARROTS,BROCCOLI,CUCUMBER ,LETTUCE (ANY KIND),GREEN BEANS,BROCCOLI,GRILLED,,NONE,MANGOS,BANANAS,WATERMELON
98,99,30-39,1,"CAUCASIAN, NON-HISPANIC;",MIDWEST,THE OFFICE,DAILY 6-7 WEEK ,BROCCOLI,CARROTS,GREEN BEANS,SPINACH,SQUASH,BROCCOLI,GREEN BEANS,CARROTS,SQUASH,SPINACH,BROCCOLI,BAKED,STEAMED,MICROWAVED,BANANAS,STRAWBERRIES,APPLES
99,100,50-65,0,"CAUCASIAN, NON-HISPANIC;",MIDWEST,CARIBBEAN LIFE,2-3/WEEK,LETTUCE (ANY KIND),GREEN BEANS,CORN,BROCCOLI,BAKED BEANS,LETTUCE (ANY KIND),GREEN BEANS,BAKED BEANS,BROCCOLI,LETTUCE (ANY KIND),CAULIFLOWER,SAUTEED,STEAMED,MICROWAVED,ORANGES,APPLES,BANANAS
100,101,50-65,1,"CAUCASIAN, NON-HISPANIC;",MIDWEST,HEARTLAND ,DAILY 6-7 WEEK ,SPINACH,LETTUCE (ANY KIND),CAULIFLOWER,BROCCOLI,GREEN BEANS,LETTUCE (ANY KIND),SPINACH,CAULIFLOWER,LETTUCE (ANY KIND),ASPARAGUS ,SPINACH,SAUTEED,RAW,,APPLES,GRAPES,MELON
101,102,40-49,1,"CAUCASIAN, NON-HISPANIC;",MIDWEST,EUPHORIA,2-3/WEEK,BROCCOLI,CAULIFLOWER,CORN,LETTUCE (ANY KIND),SQUASH,BROCCOLI,,NONE,CAULIFLOWER,BROCCOLI,BRUSSEL SPROUTS,STEAMED,,NONE,BANANAS,NONE,NONE
102,103,50-65,1,BLACK OR AFRICAN AMERICAN;,MIDWEST,GREY'S ANATOMY,4-5/WEEK,BROCCOLI,CARROTS,CORN,CAULIFLOWER,GREEN BEANS,BROCCOLI,SPINACH,LETTUCE (ANY KIND),BROCCOLI,SPINACH,LETTUCE (ANY KIND),BOILED,SAUTEED,STEAMED,APPLES,NONE,NONE
103,104,50-65,1,ASIAN;,MIDWEST,FUTURAMA,4-5/WEEK,CARROTS,GREEN BEANS,PEAS,SPINACH,SQUASH,CARROTS,GREEN BEANS,PEAS,ASPARAGUS ,SPINACH,BROCCOLI,ROASTED,,NONE,STRAWBERRIES,MANGOS,PEACHES
104,105,40-49,1,"CAUCASIAN, NON-HISPANIC;",MIDWEST,LAW AND ORDER SVU,2-3/WEEK,CAULIFLOWER,GREEN BEANS,CARROTS,PEAS,BRUSSELS SPROUTS,GREEN BEANS,CAULIFLOWER,BRUSSELS SPROUTS,"ASPARAGUS, BRUSSELS SPROUTS ",CAULIFLOWER,,FRIED/AIR-FRIED,GRILLED,SAUTEED,BLUEBERRIES,APPLES,STRAWBERRIES
105,106,OVER 65,1,"CAUCASIAN, NON-HISPANIC;",MIDWEST,CASTLE ,4-5/WEEK,CAULIFLOWER,GREEN BEANS,LETTUCE (ANY KIND),CARROTS,PEAS,CARROTS,CAULIFLOWER,GREEN BEANS,GREEN BEANS,LETTUCE (ANY KIND),CARROTS,GRILLED,BOILED,,BANANAS,BLACKBERRIES,RASPBERRIES
106,107,30-39,1,"CAUCASIAN, NON-HISPANIC;",MIDWEST,STARGATE,4-5/WEEK,BROCCOLI,CARROTS,GREEN BEANS,PEAS,SPINACH,BROCCOLI,CARROTS,GREEN BEANS,CARROTS,CORN,SPINACH,BAKED,SAUTEED,STEAMED,GRAPEFRUIT,APPLES,GRAPES
107,108,OVER 65,1,"CAUCASIAN, NON-HISPANIC;",MIDWEST,THIS IS US,4-5/WEEK,BROCCOLI,CAULIFLOWER,PEAS,BELL PEPPERS,CORN,BROCCOLI,CAULIFLOWER,BRUSSEL SPROUTS,BROCCOLI,CAULIFLOWER,POTATO ,GRILLED,STEAMED,,STRAWBERRIES,BANANAS,APPLES
108,109,20-29,1,ASIAN;,MIDWEST,PSYCH,2-3/WEEK,LETTUCE (ANY KIND),BROCCOLI,CARROTS,CORN,BELL PEPPERS,BELL PEPPERS,,NONE,BROCCOLI,LETTUCE (ANY KIND),BELL PEPPERS,SAUTEED,BAKED,,BANANAS,MANGOS,GRAPES
109,110,50-65,1,"CAUCASIAN, NON-HISPANIC;",MIDWEST,NONE,DAILY 6-7 WEEK ,BROCCOLI,CARROTS,CAULIFLOWER,LETTUCE (ANY KIND),GREEN BEANS,LETTUCE (ANY KIND),BROCCOLI,CARROTS,ASPARAGUS OR BRUSSEL SPROUTS,,NONE,SAUTEED,GRILLED,LETTUCE IN A SALAD,BLUEBERRIES,APPLES,ORANGES
110,111,50-65,1,"ASIAN;CAUCASIAN, NON-HISPANIC;",HAWAII,HOUSEWIVES,2-3/WEEK,CAULIFLOWER,LETTUCE (ANY KIND),CARROTS,SQUASH,TOMATOES,LETTUCE (ANY KIND),CAULIFLOWER,TOMATO,ZUCCHINI ,CAULIFLOWER,GREEN BEANS,GRILLED,BAKED,STEAMED,BANANAS,OTHER,CHERRIES
111,112,40-49,0,"CAUCASIAN, NON-HISPANIC;",NORTHEAST,THE BOYS,2-3/WEEK,PEAS,CORN,GREEN BEANS,CARROTS,ASPARAGUS,ASPARAGUS,PEAS,CORN,ASPARAGUS ,PEAS,CAULIFLOWER,BAKED,,NONE,MANGOS,PEARS,STRAWBERRIES
112,113,50-65,1,"CAUCASIAN, NON-HISPANIC;",MIDWEST,OZARKS,4-5/WEEK,BROCCOLI,LETTUCE (ANY KIND),CORN,GREEN BEANS,CAULIFLOWER,BROCCOLI,CORN,GREEN BEANS,BROCCOLI,LETTUCE (ANY KIND),ASPARAGUS,BAKED,MICROWAVED,FRIED/AIR-FRIED,WATERMELON,APPLES,STRAWBERRIES
113,114,40-49,0,"CAUCASIAN, NON-HISPANIC;",MIDWEST,SOUTH PARK,DAILY 6-7 WEEK ,CORN,GREEN BEANS,ASPARAGUS,BRUSSELS SPROUTS,LETTUCE (ANY KIND),CORN,GREEN BEANS,LETTUCE (ANY KIND),CORN,GREEN BEANS,LETTUCE (ANY KIND),SAUTEED,GRILLED,BAKED,APPLES,BLUEBERRIES,GRAPES
114,115,50-65,1,BLACK OR AFRICAN AMERICAN;,MIDWEST,GREY'S ANATOMY,DAILY 6-7 WEEK ,GREEN BEANS,CORN,BROCCOLI,LETTUCE (ANY KIND),SPINACH,GREEN BEANS,CORN,LETTUCE (ANY KIND),CORN,GREEN BEANS,LETTUCE (ANY KIND),SAUTEED,STEAMED,GRILLED,PINEAPPLE,GRAPES,APPLES
115,116,50-65,1,"CAUCASIAN, NON-HISPANIC;",MIDWEST,BELOW DECK,DAILY 6-7 WEEK ,BROCCOLI,CAULIFLOWER,LETTUCE (ANY KIND),SPINACH,CELERY,LETTUCE (ANY KIND),CELERY AND CUCUMBER ,,LETTUCE (ANY KIND),BROCCOLI,CAULIFLOWER,STEAMED,,NONE,BERRIES,PINEAPPLE,WATERMELON
116,117,OVER 65,1,"CAUCASIAN, NON-HISPANIC;",MIDWEST,CBS MORNING NEWS,DAILY 6-7 WEEK ,BROCCOLI,CARROTS,GREEN BEANS,LETTUCE (ANY KIND),ASPARAGUS,BROCCOLI,CARROTS,GREEN BEANS,GREEN BEANS,BROCCOLI,ASPARAGUS,STEAMED,,NONE,OTHER,MANGOS,GRAPES
117,118,50-65,1,PREFER NOT TO SAY;,MIDWEST,GREY'S ANATOMY,4-5/WEEK,BROCCOLI,CARROTS,LETTUCE (ANY KIND),SQUASH,BELL PEPPERS,BROCCOLI,CARROTS,LETTUCE (ANY KIND),SQUASH,SPINACH,POTATO,BAKED,GRILLED,AIR FRYER,BLUEBERRIES,BANANAS,GRAPES
118,119,50-65,1,BLACK OR AFRICAN AMERICAN;,MIDWEST,GREY’S ANATOMY ,4-5/WEEK,LETTUCE (ANY KIND),SPINACH,GREEN BEANS,BROCCOLI,CARROTS,GREEN BEANS,LETTUCE (ANY KIND),SPINACH,SPINACH,LETTUCE (ANY KIND),GREEN BEANS,GRILLED,SAUTEED,STEAMED,APPLES,ORANGES,GRAPES
119,120,OVER 65,1,"CAUCASIAN, NON-HISPANIC;",MIDWEST,NCIS,DAILY 6-7 WEEK ,BROCCOLI,CARROTS,SQUASH,PEAS,CAULIFLOWER,BROCCOLI,CARROTS,SQUASH,LETTUCE (ANY KIND),CARROTS,BROCCOLI,BAKED,STEAMED,SAUTEED,APPLES,TOMATOES,PINEAPPLE
120,121,50-65,1,"CAUCASIAN, NON-HISPANIC;",MIDWEST,GREYS ANATOMY,DAILY 6-7 WEEK ,PEAS,LETTUCE (ANY KIND),CORN,CARROTS,BROCCOLI,CORN,PEAS,LETTUCE (ANY KIND),CORN,PEAS,LETTUCE (ANY KIND),SAUTEED,GRILLED,,STRAWBERRIES,BANANAS,OTHER
121,122,40-49,1,BLACK OR AFRICAN AMERICAN;,MIDWEST,THIS IS US,DAILY 6-7 WEEK ,BROCCOLI,CAULIFLOWER,LETTUCE (ANY KIND),SQUASH,GREEN BEANS,SQUASH,SPINACH,LETTUCE (ANY KIND),BROCCOLI,LETTUCE (ANY KIND),SPINACH,BAKED,SAUTEED,STEAMED,BANANAS,MELON,APPLES
122,123,50-65,1,"CAUCASIAN, NON-HISPANIC;",MIDWEST,STRANGER THINGS,2-3/WEEK,LETTUCE (ANY KIND),CARROTS,BROCCOLI,CUCUMBERS,CORN,CARROTS,LETTUCE (ANY KIND),BROCCOLI,BRUSSEL SPROUTS AND ASPARAGUS,,NONE,FRIED/AIR-FRIED,GRILLED,SAUTEED,STRAWBERRIES,WATERMELON,GRAPES
123,124,20-29,1,"CAUCASIAN, NON-HISPANIC;",MIDWEST,EUPHORIA,2-3/WEEK,LETTUCE (ANY KIND),BELL PEPPERS,CUCUMBERS,,NONE,LETTUCE (ANY KIND),"PEPPERS,CUCUMBER",,BROCCOLI,LETTUCE (ANY KIND),,FRIED/AIR-FRIED,,NONE,GRAPES,WATERMELON,STRAWBERRIES
124,125,OVER 65,1,ASIAN;,MIDWEST,SATURDAY NIGHT LIVE,DAILY 6-7 WEEK ,BROCCOLI,CARROTS,CAULIFLOWER,CORN,LETTUCE (ANY KIND),BROCCOLI,CARROTS,LETTUCE (ANY KIND),BROCCOLI,CARROTS,GREEN BEANS,SAUTEED,,NONE,GRAPES,ORANGES,MANGOS
125,126,50-65,1,ASIAN;,MIDWEST,NONE,DAILY 6-7 WEEK ,SQUASH,CARROTS,LETTUCE (ANY KIND),BROCCOLI,SPINACH,BROCCOLI,CARROTS,LETTUCE (ANY KIND),LETTUCE (ANY KIND),BROCCOLI,SPINACH,BAKED,SAUTEED,,GRAPES,MANGOS,BANANAS
126,127,20-29,1,"CAUCASIAN, NON-HISPANIC;",MIDWEST,QUEEN OF THE SOUTH ,DAILY 6-7 WEEK ,SQUASH,CORN,GREEN BEANS,LETTUCE (ANY KIND),PEAS,CORN,GREEN BEANS,LETTUCE (ANY KIND),BROCCOLI,CARROTS,SQUASH,BAKED,,NONE,MANGOS,WATERMELON,KIWI
127,128,30-39,1,ASIAN;,MIDWEST,THE OFFICE,DAILY 6-7 WEEK ,BROCCOLI,CORN,GREEN BEANS,SPINACH,LETTUCE (ANY KIND),CORN,BROCCOLI,LETTUCE (ANY KIND),BROCCOLI,CORN,SPINACH,BAKED,FRIED/AIR-FRIED,SAUTEED,BLACKBERRIES,GRAPES,WATERMELON
128,129,40-49,1,"CAUCASIAN, NON-HISPANIC;",MIDWEST,TED LASSO,4-5/WEEK,SPINACH,PEAS,CARROTS,BROCCOLI,GREEN BEANS,SPINACH,CARROTS,PEAS,ASPARAGUS,,NONE,BAKED,SAUTEED,,BANANAS,BLUEBERRIES,APPLES
129,130,40-49,1,"CAUCASIAN, NON-HISPANIC;",SOUTHEAST,LAW AND ORDER,4-5/WEEK,SPINACH,BROCCOLI,CARROTS,GREEN BEANS,BRUSSELS SPROUTS,BRUSSEL SPROUTS,BROCCOLI,SPINACH,BROCCOLI,GREEN BEANS,BRUSSEL SPROUTS,BAKED,FRIED/AIR-FRIED,,GRAPEFRUIT,WATERMELON,BANANAS
130,131,50-65,1,"CAUCASIAN, NON-HISPANIC;",MIDWEST,DATELINE,2-3/WEEK,CAULIFLOWER,,NONE,NONE,NONE,CAULIFLOWER,,NONE,GREEN BEANS,,NONE,BAKED,,NONE,GRAPES,MELON,ORANGES
131,132,50-65,1,"CAUCASIAN, NON-HISPANIC;",MIDWEST,OUR FLAG MEANS DEATH,DAILY 6-7 WEEK ,BROCCOLI,CAULIFLOWER,GREEN BEANS,LETTUCE (ANY KIND),SPINACH,LETTUCE (ANY KIND),GREEN BEANS,BROCCOLI,ASPARAGUS,SQUASH,SPINACH,STEAMED,BAKED,,STRAWBERRIES,PINEAPPLE,WATERMELON
132,133,30-39,0,"CAUCASIAN, NON-HISPANIC;",MID-ATLANTIC ,THE REAL HOUSEWIVES OF BEVERLY HILLS,DAILY 6-7 WEEK ,BROCCOLI,CAULIFLOWER,CORN,LETTUCE (ANY KIND),CARROTS,BROCCOLI,CARROTS,CAULIFLOWER,BROCCOLI,LETTUCE (ANY KIND),CORN,BOILED,GRILLED,SAUTEED,BANANAS,PINEAPPLE,RASPBERRIES
133,134,40-49,1,"CAUCASIAN, LATINO/HISPANIC;",MIDWEST,ARRESTED DEVELOPMENT,4-5/WEEK,BROCCOLI,CAULIFLOWER,PEAS,GREEN BEANS,CORN,BROCCOLI,CORN,PEAS,BROCCOLI,SQUASH,CARROTS,BAKED,FRIED/AIR-FRIED,SAUTEED,STRAWBERRIES,MANGOS,GRAPES
134,135,20-29,1,ASIAN;,WEST,AVATAR: THE LAST AIRBENDER,"RARELY (ONLY IF SOMEONE MAKES ME; HOLIDAYS ONLY, ETC.)",CARROTS,BROCCOLI,CORN,LETTUCE (ANY KIND),CUCUMBERS,CARROTS,CORN,BROCCOLI,CORN,CARROTS,BROCCOLI,FRIED/AIR-FRIED,SAUTEED,STEAMED,APPLES,GRAPES,POMEGRANATES
135,136,50-65,1,"CAUCASIAN, NON-HISPANIC;",MIDWEST,FRIENDS,DAILY 6-7 WEEK ,BROCCOLI,CARROTS,LETTUCE (ANY KIND),SQUASH,CORN,BROCCOLI,CARROTS,LETTUCE (ANY KIND),LETTUCE (ANY KIND),SPINACH,CARROTS,GRILLED,MICROWAVED,,APPLES,STRAWBERRIES,RASPBERRIES
136,137,20-29,0,"CAUCASIAN, NON-HISPANIC;",MIDWEST,SEINFELD,DAILY 6-7 WEEK ,BROCCOLI,CARROTS,LETTUCE (ANY KIND),CAULIFLOWER,SPINACH,BROCCOLI,CARROTS,CAULIFLOWER,CAULIFLOWER,CARROTS,BROCCOLI,SAUTEED,,NONE,BANANAS,APPLES,GRAPES
137,138,50-65,1,"CAUCASIAN, NON-HISPANIC;",MIDWEST,BLUE BLOODS ,2-3/WEEK,BROCCOLI,CORN,LETTUCE (ANY KIND),GREEN BEANS,CAULIFLOWER,BROCCOLI,LETTUCE (ANY KIND),CELERY ,ASPARAGUS ,GREEN BEANS,CAULIFLOWER,GRILLED,,NONE,BLUEBERIES,WATERMELON,GRAPEFRUIT
138,139,50-65,1,"CAUCASIAN, NON-HISPANIC;",MIDWEST,SCORPION,2-3/WEEK,SPINACH,LETTUCE (ANY KIND),CAULIFLOWER,BROCCOLI,CARROTS,LETTUCE (ANY KIND),SPINACH,AVOCADO,LETTUCE (ANY KIND),AVOCADO,BROCCOLI,STEAMED,COLD - LETTUCE AND COLD/MASHED AVOCADO,,BLUEBERRIES,WATERMELON,STRAWBERRIES
139,140,50-65,1,"CAUCASIAN, NON-HISPANIC;",MIDWEST,THIS IS US,DAILY 6-7 WEEK ,CARROTS,LETTUCE (ANY KIND),SPINACH,,NONE,CARROTS,LETTUCE (ANY KIND),,GREEN BEANS,SPINACH,,BAKED,GRILLED,,BLACKBERRIES,BANANAS,APPLES
140,141,40-49,1,"CAUCASIAN, NON-HISPANIC;",MIDWEST,30 ROCK,4-5/WEEK,BROCCOLI,SPINACH,CARROTS,BELL PEPPERS,ASPARAGUS,BROCCOLI,SPINACH,ORANGE BELL PEPPER,BROCCOLI,SQUASH,EGGPLANT,STEAMED,BAKED,,KIWI,CHERRIES,BLUEBERRIES
141,142,20-29,1,ASIAN;,MIDWEST,NEW GIRL,DAILY 6-7 WEEK ,BROCCOLI,CORN,SPINACH,GREEN BEANS,CUCUMBERS,SPINACH,BROCCOLI,CUCUMBER,CORN,CARROTS,BROCCOLI,BAKED,SAUTEED,GRILLED,MANGOS,OTHER,ORANGES
142,143,10 AND UNDER,0,"CAUCASIAN, LATINO/HISPANIC;",MIDWEST,NAILED IT ,4-5/WEEK,CORN,CARROTS,,NONE,NONE,CORN,CARROTS,GREEN BEANS,CORN,CARROTS,GREEN BEANS,STEAMED,,NONE,MANGOS,GRAPES,BLUEBERRIES
143,144,40-49,1,"CAUCASIAN, LATINO/HISPANIC;",MIDWEST,NONE,4-5/WEEK,GREEN BEANS,CARROTS,SPINACH,CORN,CAULIFLOWER,GREEN BEANS,CAULIFLOWER,BROCCOLI,GREEN BEANS,SPINACH,BROCCOLI,BOILED,,NONE,MANGOS,OTHER,OTHER
144,145,50-65,1,"CAUCASIAN, LATINO/HISPANIC;",MIDWEST,ROCK THE PARK,DAILY 6-7 WEEK ,SQUASH,CARROTS,BEETS,TOMATOES,LETTUCE (ANY KIND),SQUASH,,NONE,SPINACH,LETTUCE (ANY KIND),GREEN BEANS,MICROWAVED,STEAMED,GRILLED,OTHER,NONE,NONE
145,146,50-65,1,"CAUCASIAN, NON-HISPANIC;",MIDWEST,MONK,4-5/WEEK,BROCCOLI,CAULIFLOWER,LETTUCE (ANY KIND),CARROTS,SQUASH,BROCCOLI,CAULIFLOWER,LETTUCE (ANY KIND),BROCCOLI,LETTUCE (ANY KIND),CAULIFLOWER,GRILLED,BOILED,STEAMED,BANANAS,OTHER,WATERMELON
146,147,50-65,1,"CAUCASIAN, NON-HISPANIC;",MIDWEST,THE AFTER PARTY,DAILY 6-7 WEEK ,BROCCOLI,GREEN BEANS,CAULIFLOWER,CORN,LETTUCE (ANY KIND),GREEN BEANS,"""NORMAL"" SHREDDED LETTUCE",BROCCOLI,BROCCOLI,GREEN BEANS,"""NORMAL"" LETTUCE (ICEBERG OR ROMAINE)",MICROWAVED,BOILED,STEAMED,APPLES,CANTELOPE,GRAPES
147,148,50-65,1,"CAUCASIAN, NON-HISPANIC;",MIDWEST,THE GREAT BRITISH BAKE-OFF,4-5/WEEK,LETTUCE (ANY KIND),BROCCOLI,CORN,GREEN BEANS,CARROTS,LETTUCE (ANY KIND),CARROTS,CORN,BROCCOLI,LETTUCE (ANY KIND),CORN,STEAMED,,NONE,BANANAS,STRAWBERRIES,OTHER
148,149,OVER 65,1,"CAUCASIAN, NON-HISPANIC;",MIDWEST,BLUE BLOODS,DAILY 6-7 WEEK ,BROCCOLI,CARROTS,LETTUCE (ANY KIND),SPINACH,GREEN BEANS,BROCCOLI,LETTUCE (ANY KIND),GREEN BEANS,BROCCOLI,LETTUCE (ANY KIND),GREEN BEANS,BAKED,STEAMED,,STRAWBERRIES,BLUEBERRIES,BANANAS
149,150,20-29,1,"CAUCASIAN, NON-HISPANIC;",MIDWEST,THE OFFICE,DAILY 6-7 WEEK ,EGGPLANT,SPINACH,CORN,CAULIFLOWER,SQUASH,EGGPLANT,,NONE,EGGPLANT,,NONE,SAUTEED,,NONE,RASPBERRIES,STRAWBERRIES,OTHER
150,151,50-65,1,ASIAN;,MIDWEST,I DON’T WATCH TV,4-5/WEEK,SPINACH,SQUASH,GREEN BEANS,EGGPLANT,OKRA,OKRA,,NONE,BROCCOLI,GREEN BEANS,SQUASH,SAUTEED,,NONE,GRAPES,OTHER,NONE
151,152,30-39,1,"CAUCASIAN, LATINO/HISPANIC;",WEST,SURVIVOR ,2-3/WEEK,CARROTS,CORN,LETTUCE (ANY KIND),SQUASH,PEAS,CARROTS,LETTUCE (ANY KIND),SQUASH,LETTUCE (ANY KIND),CORN,BROCCOLI,BAKED,SAUTEED,GRILLED,BERRIES,OTHER,APPLES
152,153,40-49,0,"CAUCASIAN, NON-HISPANIC;",SOUTHEAST,NONE,2-3/WEEK,CORN,GREEN BEANS,CARROTS,SPINACH,PINTO BEANS,CORN,CARROTS,GREEN BEANS,CORN,GREEN BEANS,PINTO BEANS,STEAMED,,NONE,ORANGES,WATERMELON,GRAPES
153,154,50-65,1,"CAUCASIAN, NON-HISPANIC;",SOUTHEAST,SELLING SUNSET,4-5/WEEK,BROCCOLI,LETTUCE (ANY KIND),SPINACH,CAULIFLOWER,GREEN BEANS,LETTUCE (ANY KIND),,NONE,LETTUCE (ANY KIND),,NONE,SAUTEED,,NONE,APPLES,GRAPES,WATERMELON
154,155,40-49,1,BLACK OR AFRICAN AMERICAN;,MIDWEST,CHICAGO PD,4-5/WEEK,BROCCOLI,GREEN BEANS,SPINACH,SWEET POTATOES ,,BROCCOLI,GREEN BEANS,SPINACH,BROCCOLI,SPINACH,SWEET POTATOES ,BAKED,FRIED/AIR-FRIED,GRILLED,BANANAS,OTHER,PINEAPPLE
155,156,50-65,0,"CAUCASIAN, NON-HISPANIC;",MIDWEST,A MILLION LITTLE THINGS,DAILY 6-7 WEEK ,LETTUCE (ANY KIND),BROCCOLI,CARROTS,SPINACH,GREEN BEANS,LETTUCE (ANY KIND),CARROTS,BROCCOLI,ASPARAGUS,LETTUCE (ANY KIND),GREEN BEANS,GRILLED,STEAMED,,BANANAS,BLACKBERRIES,APPLES
156,157,20-29,1,ASIAN;,MIDWEST,90 DAY FIANCE,DAILY 6-7 WEEK ,LETTUCE (ANY KIND),SPINACH,CORN,ASPARAGUS,CARROTS,LETTUCE (ANY KIND),SPINACH,CARROTS,BRUSSEL SPROUTS,SPINACH,CORN,FRIED/AIR-FRIED,SAUTEED,,BLUEBERRIES,STRAWBERRIES,GRAPES
157,158,30-39,1,"CAUCASIAN, NON-HISPANIC;",MIDWEST,GILMORE GIRLS ,DAILY 6-7 WEEK ,SPINACH,LETTUCE (ANY KIND),CARROTS,BROCCOLI,SQUASH,BROCCOLI,SPINACH,LETTUCE (ANY KIND),SQUASH,SPINACH,CAULIFLOWER,BAKED,SAUTEED,STEAMED,BANANAS,APPLES,GRAPES
158,159,40-49,1,"CAUCASIAN, NON-HISPANIC;",MIDWEST,CHICAGO FIRE,DAILY 6-7 WEEK ,LETTUCE (ANY KIND),CORN,CAULIFLOWER,CARROTS,CUCUMBERS,PEAS,BROCCOLI,CAULIFLOWER,ASPARAGUS,,NONE,FRIED/AIR-FRIED,GRILLED,STEAMED,BANANAS,GRAPES,APPLES
159,160,30-39,1,"CAUCASIAN, NON-HISPANIC;",MIDWEST,BONES,2-3/WEEK,CARROTS,CORN,PEAS,SPINACH,GREEN BEANS,CARROTS,CORN,PEAS,CARROTS,GREEN BEANS,SPINACH,STEAMED,,NONE,APPLES,ORANGES,PINEAPPLE
160,161,40-49,1,"CAUCASIAN, NON-HISPANIC;",MIDWEST,SHETLAND,DAILY 6-7 WEEK ,BROCCOLI,LETTUCE (ANY KIND),CORN,GREEN BEANS,ASPARAGUS,LETTUCE (ANY KIND),CORN,ASPARAGUS ,ASPARAGUS ,LETTUCE (ANY KIND),GREEN BEANS,MICROWAVED,SAUTEED,GRILLED,PINEAPPLE,PEACHES,ORANGES
161,162,40-49,0,"CAUCASIAN, NON-HISPANIC;",NORTHWEST,STRANGER THINGS,DAILY 6-7 WEEK ,BROCCOLI,CAULIFLOWER,LETTUCE (ANY KIND),SPINACH,GREEN BEANS,BROCCOLI,LETTUCE (ANY KIND),GREEN BEANS,BROCCOLI,LETTUCE (ANY KIND),CAULIFLOWER,BAKED,BOILED,GRILLED,STRAWBERRIES,BLUEBERRIES,BLACKBERRIES
162,163,40-49,1,"CAUCASIAN, NON-HISPANIC;",MIDWEST,FIREFLY,4-5/WEEK,CUCUMBERS,BROCCOLI,CAULIFLOWER,LETTUCE (ANY KIND),GREEN BEANS,LETTUCE (ANY KIND),BROCCOLI,CAULIFLOWER,ASPARAGUS,SPINACH,BROCCOLI,BOILED,BAKED,GRILLED,RASPBERRIES,WATERMELON,STRAWBERRIES
163,164,40-49,1,"CAUCASIAN, NON-HISPANIC;",MIDWEST,OUTLANDER,4-5/WEEK,BROCCOLI,GREEN BEANS,CORN,SPINACH,CARROTS,BROCCOLI,CARROTS,GREEN BEANS,BRUSSELS SPROUTS,GREEN BEANS,BROCCOLI,GRILLED,SAUTEED,FRIED/AIR-FRIED,GRAPES,STRAWBERRIES,BANANAS
164,165,50-65,0,"CAUCASIAN, LATINO/HISPANIC;",MIDWEST,BULL,4-5/WEEK,LETTUCE (ANY KIND),CORN,BROCCOLI,CARROTS,POTATOES,POTATOES,CORN,LETTUCE (ANY KIND),LETTUCE (ANY KIND),CORN,BROCCOLI,BAKED,BOILED,GRILLED,BANANAS,APPLES,BLUEBERRIES
165,166,50-65,0,"CAUCASIAN, NON-HISPANIC;",SOUTHEAST,GAME OF THRONES,4-5/WEEK,CARROTS,CORN,LETTUCE (ANY KIND),GREEN BEANS,CUCUMBERS,LETTUCE (ANY KIND),CORN,CUCUMBERS ,LETTUCE (ANY KIND),CORN,CUCUMBERS,RAW FOR LETTUCE AND CUCUMBERS ,GRILLED,BOILED,PINEAPPLE,GRAPES,ORANGES
166,167,40-49,1,"CAUCASIAN, NON-HISPANIC;",MIDWEST,GRACE AND FRANKIE ,4-5/WEEK,SPINACH,CAULIFLOWER,,NONE,NONE,SPINACH,CARROTS,,ASPARAGUS ,,NONE,SAUTEED,,NONE,BLUEBERIES,NONE,NONE
167,168,40-49,0,"CAUCASIAN, NON-HISPANIC;",MIDWEST,OBI-WAN KENOBI,DAILY 6-7 WEEK ,BROCCOLI,CARROTS,CORN,PEAS,SQUASH,BROCCOLI,CORN,PEAS,BROCCOLI,SQUASH,CORN,STEAMED,GRILLED,SAUTEED,STRAWBERRIES,WATERMELON,BLUEBERRIES
168,169,50-65,1,"CAUCASIAN, NON-HISPANIC;",MIDWEST,GENERAL HOSPITAL ,2-3/WEEK,BROCCOLI,CAULIFLOWER,GREEN BEANS,LETTUCE (ANY KIND),SPINACH,LETTUCE (ANY KIND),GREEN BEANS,CAULIFLOWER,BROCCOLI,LETTUCE (ANY KIND),CAULIFLOWER,STEAMED,,NONE,APPLES,BANANAS,GRAPES
169,170,50-65,0,"CAUCASIAN, NON-HISPANIC;",MIDWEST,HIS DARK MATERIALS ,4-5/WEEK,SPINACH,GREEN BEANS,BROCCOLI,CARROTS,BLACK BEANS,SPINACH,BROCCOLI,BLACK BEANS ,ASPARAGUS ,SPINACH,GREEN BEANS,SAUTEED,FRIED/AIR-FRIED,STEAMED,BLUEBERRIES,BANANAS,MANGOS
170,171,50-65,1,"CAUCASIAN, NON-HISPANIC;",MIDWEST,CHOPPED,2-3/WEEK,CORN,BROCCOLI,CAULIFLOWER,CARROTS,,CORN,BROCCOLI,,CORN,BROCCOLI,LETTUCE (ANY KIND),BAKED,,NONE,BLUEBERIES,NONE,NONE
171,172,40-49,0,"CAUCASIAN, LATINO/HISPANIC;",MIDWEST,SEINFELD ,4-5/WEEK,BROCCOLI,CARROTS,GREEN BEANS,,NONE,BROCCOLI,,NONE,LETTUCE (ANY KIND),,NONE,MICROWAVED,,NONE,BANANAS,STRAWBERRIES,OTHER
172,173,40-49,1,"CAUCASIAN, NON-HISPANIC;",MIDWEST,NONE,"RARELY (ONLY IF SOMEONE MAKES ME; HOLIDAYS ONLY, ETC.)",CORN,LETTUCE (ANY KIND),SPINACH,CARROTS,,CARROTS,CORN,LETTUCE (ANY KIND),CORN,,NONE,STEAMED,,NONE,KIWI,MANGOS,STRAWBERRIES
173,174,50-65,1,"CAUCASIAN, NON-HISPANIC;",MIDWEST,JIMMY KIMMEL,4-5/WEEK,CARROTS,SPINACH,BROCCOLI,CAULIFLOWER,GREEN BEANS,CARROTS,SPINACH,BROCCOLI,BROCCOLI,CAULIFLOWER,SPINACH,SAUTEED,,NONE,BANANAS,APPLES,ORANGES
174,175,50-65,1,"CAUCASIAN, NON-HISPANIC;",MIDWEST,60 MINUTES,DAILY 6-7 WEEK ,PEAS,BROCCOLI,CARROTS,CAULIFLOWER,LETTUCE (ANY KIND),PEAS,BROCCOLI,CARROTS,PEAS,SQUASH,CAULIFLOWER,BAKED,GRILLED,STEAMED,BLUEBERRIES,PEACHES,CHERRIES
